{"cameraMode":{"drawMode":0,"name":"Shaded","section":"Shading Mode"},"sceneLighting":false,"audioPlay":false,"sceneViewState":{"showFog":true,"showMaterialUpdate":false,"showSkybox":false,"showFlares":true,"showImageEffects":true,"showParticleSystems":true},"in2DMode":false,"pivot":{"x":5.451381683349609,"y":0.045992761850357059,"z":3.031785249710083},"rotation":{"x":-0.27749723196029665,"y":0.14875397086143495,"z":-0.04369077458977699,"w":-0.9482861757278442},"size":2.872281312942505,"orthographic":false}