{"cameraMode":{"drawMode":0,"name":"Shaded","section":"Shading Mode"},"sceneLighting":false,"audioPlay":false,"sceneViewState":{"showFog":true,"showMaterialUpdate":false,"showSkybox":true,"showFlares":true,"showImageEffects":true,"showParticleSystems":true},"in2DMode":false,"pivot":{"x":21.375267028808595,"y":-2.9910802841186525,"z":25.062955856323243},"rotation":{"x":-0.18166932463645936,"y":-0.16729888319969178,"z":0.031430792063474658,"w":-0.9686599373817444},"size":10.342548370361329,"orthographic":false}