{"cameraMode":{"drawMode":0,"name":"Shaded","section":"Shading Mode"},"sceneLighting":false,"audioPlay":false,"sceneViewState":{"showFog":true,"showMaterialUpdate":false,"showSkybox":false,"showFlares":true,"showImageEffects":true,"showParticleSystems":true},"in2DMode":false,"pivot":{"x":-0.015000000596046448,"y":1.1670000553131104,"z":-0.00599999725818634},"rotation":{"x":-0.22446748614311219,"y":-0.5924456119537354,"z":0.17643700540065766,"w":-0.7534605860710144},"size":0.30030298233032229,"orthographic":false}